<profile version="1.0" is_locked="true">
  <option name="myName" value="Default" />
  <inspection_tool class="AmdModulesDependencies" enabled="true" level="WEAK WARNING" enabled_by_default="true" />
  <inspection_tool class="AngularAmbiguousComponentTag" enabled="true" level="ERROR" enabled_by_default="true" />
  <inspection_tool class="AngularCliAddDependency" enabled="true" level="WARNING" enabled_by_default="true" />
  <inspection_tool class="AngularInaccessibleComponentMemberInAotMode" enabled="false" level="WARNING" enabled_by_default="false" />
  <inspection_tool class="AngularIncorrectTemplateDefinition" enabled="true" level="ERROR" enabled_by_default="true" />
  <inspection_tool class="AngularInsecureBindingToEvent" enabled="true" level="WARNING" enabled_by_default="true" />
  <inspection_tool class="AngularInvalidAnimationTriggerAssignment" enabled="true" level="ERROR" enabled_by_default="true" />
  <inspection_tool class="AngularInvalidEntryComponent" enabled="true" level="ERROR" enabled_by_default="true" />
  <inspection_tool class="AngularInvalidExpressionResultType" enabled="true" level="WARNING" enabled_by_default="true" />
  <inspection_tool class="AngularInvalidI18nAttribute" enabled="true" level="WARNING" enabled_by_default="true" />
  <inspection_tool class="AngularInvalidImportedOrDeclaredSymbol" enabled="true" level="ERROR" enabled_by_default="true" />
  <inspection_tool class="AngularInvalidSelector" enabled="true" level="ERROR" enabled_by_default="true" />
  <inspection_tool class="AngularInvalidTemplateReferenceVariable" enabled="true" level="ERROR" enabled_by_default="true" />
  <inspection_tool class="AngularMissingEventHandler" enabled="true" level="ERROR" enabled_by_default="true" />
  <inspection_tool class="AngularMissingOrInvalidDeclarationInModule" enabled="true" level="ERROR" enabled_by_default="true" />
  <inspection_tool class="AngularMultipleStructuralDirectives" enabled="true" level="ERROR" enabled_by_default="true" />
  <inspection_tool class="AngularNonEmptyNgContent" enabled="true" level="ERROR" enabled_by_default="true" />
  <inspection_tool class="AngularRecursiveModuleImportExport" enabled="true" level="ERROR" enabled_by_default="true" />
  <inspection_tool class="AngularUndefinedBinding" enabled="true" level="ERROR" enabled_by_default="true" />
  <inspection_tool class="AngularUndefinedModuleExport" enabled="true" level="ERROR" enabled_by_default="true" />
  <inspection_tool class="AngularUndefinedTag" enabled="true" level="ERROR" enabled_by_default="true" />
  <inspection_tool class="AnnotationDeprecatedInspection" enabled="true" level="WARNING" enabled_by_default="true" />
  <inspection_tool class="AnnotationMissingUseInspection" enabled="true" level="WARNING" enabled_by_default="true" />
  <inspection_tool class="Annotator" enabled="true" level="ERROR" enabled_by_default="true" />
  <inspection_tool class="AnonymousFunctionJS" enabled="false" level="WARNING" enabled_by_default="false" />
  <inspection_tool class="AssignmentResultUsedJS" enabled="false" level="WARNING" enabled_by_default="false" />
  <inspection_tool class="AssignmentToForLoopParameterJS" enabled="false" level="WARNING" enabled_by_default="false" />
  <inspection_tool class="AssignmentToFunctionParameterJS" enabled="false" level="WARNING" enabled_by_default="false" />
  <inspection_tool class="BadExpressionStatementJS" enabled="true" level="WEAK WARNING" enabled_by_default="true" />
  <inspection_tool class="BashAddShebang" enabled="false" level="WARNING" enabled_by_default="false" />
  <inspection_tool class="BashBuiltInVariable" enabled="false" level="WARNING" enabled_by_default="false" />
  <inspection_tool class="BashDuplicateFunction" enabled="false" level="WARNING" enabled_by_default="false" />
  <inspection_tool class="BashEvaluateArithmeticExpression" enabled="false" level="WARNING" enabled_by_default="false" />
  <inspection_tool class="BashEvaluateExpression" enabled="false" level="WARNING" enabled_by_default="false" />
  <inspection_tool class="BashFixShebang" enabled="false" level="WARNING" enabled_by_default="false">
    <shebang>/bin/bash</shebang>
    <shebang>/bin/sh</shebang>
  </inspection_tool>
  <inspection_tool class="BashFloatArithmetic" enabled="false" level="INFO" enabled_by_default="false" />
  <inspection_tool class="BashFunctionNamesShouldBeLowerSnakeCase" enabled="false" level="WEAK WARNING" enabled_by_default="false" />
  <inspection_tool class="BashGlobalLocalVarDef" enabled="false" level="WEAK WARNING" enabled_by_default="false" />
  <inspection_tool class="BashGloballyRegisteredVariable" enabled="false" level="WEAK WARNING" enabled_by_default="false" />
  <inspection_tool class="BashInternalCommandFunctionOverride" enabled="false" level="WEAK WARNING" enabled_by_default="false" />
  <inspection_tool class="BashMissingInclude" enabled="false" level="WARNING" enabled_by_default="false" />
  <inspection_tool class="BashReadOnlyVariable" enabled="false" level="ERROR" enabled_by_default="false" />
  <inspection_tool class="BashRecursiveInclusion" enabled="false" level="WARNING" enabled_by_default="false" />
  <inspection_tool class="BashReplaceWithBackquote" enabled="false" level="WEAK WARNING" enabled_by_default="false" />
  <inspection_tool class="BashReplaceWithDoubleBrackets" enabled="false" level="INFO" enabled_by_default="false" />
  <inspection_tool class="BashReplaceWithSubshell" enabled="false" level="INFO" enabled_by_default="false" />
  <inspection_tool class="BashSimpleArrayUse" enabled="false" level="INFO" enabled_by_default="false" />
  <inspection_tool class="BashSimpleVarUsage" enabled="false" level="WEAK WARNING" enabled_by_default="false" />
  <inspection_tool class="BashUnknownFileDescriptor" enabled="false" level="WARNING" enabled_by_default="false" />
  <inspection_tool class="BashUnresolvedVariable" enabled="false" level="WARNING" enabled_by_default="false" />
  <inspection_tool class="BashUnusedFunction" enabled="false" level="WARNING" enabled_by_default="false" />
  <inspection_tool class="BashUnusedFunctionParams" enabled="false" level="WARNING" enabled_by_default="false" />
  <inspection_tool class="BashWrapFunction" enabled="false" level="WEAK WARNING" enabled_by_default="false" />
  <inspection_tool class="BashWrapWord" enabled="false" level="WEAK WARNING" enabled_by_default="false" />
  <inspection_tool class="BladeControlDirectives" enabled="true" level="WARNING" enabled_by_default="true" />
  <inspection_tool class="BlockStatementJS" enabled="false" level="WARNING" enabled_by_default="false" />
  <inspection_tool class="BreakStatementJS" enabled="false" level="WARNING" enabled_by_default="false" />
  <inspection_tool class="BreakStatementWithLabelJS" enabled="false" level="WARNING" enabled_by_default="false" />
  <inspection_tool class="CallerJS" enabled="true" level="WARNING" enabled_by_default="true" />
  <inspection_tool class="CaseSensitivityServiceInspection" enabled="true" level="WARNING" enabled_by_default="true" />
  <inspection_tool class="ChainedEqualityJS" enabled="false" level="WARNING" enabled_by_default="false" />
  <inspection_tool class="ChainedFunctionCallJS" enabled="false" level="WARNING" enabled_by_default="false" />
  <inspection_tool class="CheckDtdRefs" enabled="true" level="ERROR" enabled_by_default="true" />
  <inspection_tool class="CheckEmptyScriptTag" enabled="true" level="WARNING" enabled_by_default="true" />
  <inspection_tool class="CheckImageSize" enabled="true" level="WARNING" enabled_by_default="true" />
  <inspection_tool class="CheckNodeTest" enabled="true" level="WARNING" enabled_by_default="true" />
  <inspection_tool class="CheckTagEmptyBody" enabled="true" level="WARNING" enabled_by_default="true" />
  <inspection_tool class="CheckValidXmlInScriptTagBody" enabled="true" level="ERROR" enabled_by_default="true" />
  <inspection_tool class="CheckXmlFileWithXercesValidator" enabled="true" level="ERROR" enabled_by_default="true" />
  <inspection_tool class="CoffeeScriptArgumentsOutsideFunction" enabled="true" level="WARNING" enabled_by_default="true" />
  <inspection_tool class="CoffeeScriptFunctionSignatures" enabled="true" level="WEAK WARNING" enabled_by_default="true" />
  <inspection_tool class="CoffeeScriptInfiniteLoop" enabled="true" level="WARNING" enabled_by_default="true" />
  <inspection_tool class="CoffeeScriptLiteralNotFunction" enabled="true" level="ERROR" enabled_by_default="true" />
  <inspection_tool class="CoffeeScriptModulesDependencies" enabled="true" level="WEAK WARNING" enabled_by_default="true" />
  <inspection_tool class="CoffeeScriptSillyAssignment" enabled="true" level="WARNING" enabled_by_default="true" />
  <inspection_tool class="CoffeeScriptSwitchStatementWithNoDefaultBranch" enabled="true" level="WARNING" enabled_by_default="true" />
  <inspection_tool class="CoffeeScriptUnusedLocalSymbols" enabled="true" level="WARNING" enabled_by_default="true" />
  <inspection_tool class="CommaExpressionJS" enabled="true" level="WARNING" enabled_by_default="true" />
  <inspection_tool class="ComposeMissingKeys" enabled="false" level="ERROR" enabled_by_default="false" />
  <inspection_tool class="ComposeUnknownKeys" enabled="true" level="ERROR" enabled_by_default="true" />
  <inspection_tool class="ComposeUnknownValues" enabled="true" level="ERROR" enabled_by_default="true" />
  <inspection_tool class="ConditionalExpressionJS" enabled="false" level="WARNING" enabled_by_default="false" />
  <inspection_tool class="ConditionalExpressionWithIdenticalBranchesJS" enabled="false" level="WARNING" enabled_by_default="false" />
  <inspection_tool class="ConfusingFloatingPointLiteralJS" enabled="false" level="WARNING" enabled_by_default="false" />
  <inspection_tool class="ConfusingPlusesOrMinusesJS" enabled="false" level="WARNING" enabled_by_default="false" />
  <inspection_tool class="ConstantConditionalExpressionJS" enabled="true" level="WARNING" enabled_by_default="true" />
  <inspection_tool class="ConstantOnLHSOfComparisonJS" enabled="false" level="WARNING" enabled_by_default="false" />
  <inspection_tool class="ConstantOnRHSOfComparisonJS" enabled="false" level="WARNING" enabled_by_default="false" />
  <inspection_tool class="ContainerConstant" enabled="true" level="WARNING" enabled_by_default="true" />
  <inspection_tool class="ContainerSettingDeprecatedInspection" enabled="true" level="WARNING" enabled_by_default="true" />
  <inspection_tool class="ContinueOrBreakFromFinallyBlockJS" enabled="true" level="WARNING" enabled_by_default="true" />
  <inspection_tool class="ContinueStatementJS" enabled="false" level="WARNING" enabled_by_default="false" />
  <inspection_tool class="ContinueStatementWithLabelJS" enabled="false" level="WARNING" enabled_by_default="false" />
  <inspection_tool class="CssBrowserCompatibilityForProperties" enabled="false" level="WARNING" enabled_by_default="false" />
  <inspection_tool class="CssConvertColorToHexInspection" enabled="false" level="WARNING" enabled_by_default="false" />
  <inspection_tool class="CssConvertColorToRgbInspection" enabled="false" level="WARNING" enabled_by_default="false" />
  <inspection_tool class="CssFloatPxLength" enabled="true" level="WEAK WARNING" enabled_by_default="true" />
  <inspection_tool class="CssInvalidAtRule" enabled="true" level="ERROR" enabled_by_default="true" />
  <inspection_tool class="CssInvalidCharsetRule" enabled="true" level="WARNING" enabled_by_default="true" />
  <inspection_tool class="CssInvalidElement" enabled="true" level="ERROR" enabled_by_default="true" />
  <inspection_tool class="CssInvalidFunction" enabled="true" level="ERROR" enabled_by_default="true" />
  <inspection_tool class="CssInvalidHtmlTagReference" enabled="true" level="WARNING" enabled_by_default="true" />
  <inspection_tool class="CssInvalidImport" enabled="true" level="WARNING" enabled_by_default="true" />
  <inspection_tool class="CssInvalidMediaFeature" enabled="true" level="ERROR" enabled_by_default="true" />
  <inspection_tool class="CssInvalidPropertyValue" enabled="true" level="ERROR" enabled_by_default="true" />
  <inspection_tool class="CssInvalidPseudoSelector" enabled="true" level="ERROR" enabled_by_default="true" />
  <inspection_tool class="CssMissingComma" enabled="true" level="WARNING" enabled_by_default="true" />
  <inspection_tool class="CssMissingSemicolon" enabled="false" level="WARNING" enabled_by_default="false" />
  <inspection_tool class="CssNegativeValue" enabled="true" level="ERROR" enabled_by_default="true" />
  <inspection_tool class="CssNoGenericFontName" enabled="true" level="WARNING" enabled_by_default="true" />
  <inspection_tool class="CssOverwrittenProperties" enabled="true" level="WARNING" enabled_by_default="true" />
  <inspection_tool class="CssRedundantUnit" enabled="true" level="WARNING" enabled_by_default="true" />
  <inspection_tool class="CssReplaceWithShorthandSafely" enabled="true" level="WEAK WARNING" enabled_by_default="true" />
  <inspection_tool class="CssReplaceWithShorthandUnsafely" enabled="true" level="INFORMATION" enabled_by_default="true" />
  <inspection_tool class="CssUnitlessNumber" enabled="true" level="WARNING" enabled_by_default="true" />
  <inspection_tool class="CssUnknownProperty" enabled="true" level="WARNING" enabled_by_default="true">
    <option name="myCustomPropertiesEnabled" value="false" />
    <option name="myIgnoreVendorSpecificProperties" value="false" />
    <option name="myCustomPropertiesList">
      <value>
        <list size="0" />
      </value>
    </option>
  </inspection_tool>
  <inspection_tool class="CssUnknownTarget" enabled="true" level="ERROR" enabled_by_default="true" />
  <inspection_tool class="CssUnresolvedClass" enabled="true" level="ERROR" enabled_by_default="true" />
  <inspection_tool class="CssUnresolvedCustomProperty" enabled="true" level="ERROR" enabled_by_default="true" />
  <inspection_tool class="CssUnusedSymbol" enabled="true" level="WARNING" enabled_by_default="true" />
  <inspection_tool class="CucumberExamplesColon" enabled="true" level="ERROR" enabled_by_default="true" />
  <inspection_tool class="CucumberMissedExamples" enabled="true" level="ERROR" enabled_by_default="true" />
  <inspection_tool class="CucumberTableInspection" enabled="true" level="WARNING" enabled_by_default="true" />
  <inspection_tool class="CucumberUndefinedStep" enabled="true" level="WARNING" enabled_by_default="true" />
  <inspection_tool class="CyclomaticComplexityJS" enabled="false" level="WARNING" enabled_by_default="false">
    <option name="m_limit" value="10" />
  </inspection_tool>
  <inspection_tool class="DebuggerStatementJS" enabled="false" level="WARNING" enabled_by_default="false" />
  <inspection_tool class="DefaultNotLastCaseInSwitchJS" enabled="false" level="WARNING" enabled_by_default="false" />
  <inspection_tool class="DivideByZeroJS" enabled="false" level="WARNING" enabled_by_default="false" />
  <inspection_tool class="DockerFileAddOrCopySemantic" enabled="true" level="WARNING" enabled_by_default="true" />
  <inspection_tool class="DockerFileArgumentCount" enabled="true" level="ERROR" enabled_by_default="true" />
  <inspection_tool class="DockerFileAssignments" enabled="true" level="ERROR" enabled_by_default="true" />
  <inspection_tool class="DoctrineTypeDeprecatedInspection" enabled="false" level="WARNING" enabled_by_default="false" />
  <inspection_tool class="DocumentWriteJS" enabled="false" level="WARNING" enabled_by_default="false" />
  <inspection_tool class="DuplicateConditionJS" enabled="false" level="WARNING" enabled_by_default="false" />
  <inspection_tool class="DuplicateKeyInSection" enabled="true" level="WARNING" enabled_by_default="true" />
  <inspection_tool class="DuplicateSectionInFile" enabled="true" level="WARNING" enabled_by_default="true" />
  <inspection_tool class="DuplicatedCode" enabled="false" level="WEAK WARNING" enabled_by_default="false" />
  <inspection_tool class="DynamicallyGeneratedCodeJS" enabled="false" level="WARNING" enabled_by_default="false" />
  <inspection_tool class="ES6AwaitOutsideAsyncFunction" enabled="true" level="ERROR" enabled_by_default="true" />
  <inspection_tool class="ES6BindWithArrowFunction" enabled="true" level="WARNING" enabled_by_default="true" />
  <inspection_tool class="ES6CheckImport" enabled="true" level="WEAK WARNING" enabled_by_default="true" />
  <inspection_tool class="ES6ClassMemberInitializationOrder" enabled="true" level="WARNING" enabled_by_default="true" />
  <inspection_tool class="ES6ConvertModuleExportToExport" enabled="true" level="INFORMATION" enabled_by_default="true" />
  <inspection_tool class="ES6ConvertRequireIntoImport" enabled="true" level="INFORMATION" enabled_by_default="true" />
  <inspection_tool class="ES6ConvertToForOf" enabled="true" level="INFORMATION" enabled_by_default="true" />
  <inspection_tool class="ES6ConvertVarToLetConst" enabled="true" level="WEAK WARNING" enabled_by_default="true" />
  <inspection_tool class="ES6DestructuringVariablesMerge" enabled="true" level="WEAK WARNING" enabled_by_default="true" />
  <inspection_tool class="ES6MissingAwait" enabled="true" level="WEAK WARNING" enabled_by_default="true" />
  <inspection_tool class="ES6ModulesDependencies" enabled="true" level="WEAK WARNING" enabled_by_default="true" />
  <inspection_tool class="ES6PossiblyAsyncFunction" enabled="true" level="WEAK WARNING" enabled_by_default="true" />
  <inspection_tool class="ES6RedundantAwait" enabled="true" level="WEAK WARNING" enabled_by_default="true" />
  <inspection_tool class="ES6RedundantNestingInTemplateLiteral" enabled="true" level="WEAK WARNING" enabled_by_default="true" />
  <inspection_tool class="ES6ShorthandObjectProperty" enabled="true" level="INFORMATION" enabled_by_default="true" />
  <inspection_tool class="ES6UnusedImports" enabled="true" level="WARNING" enabled_by_default="true" />
  <inspection_tool class="EditorConfigCharClassLetterRedundancy" enabled="true" level="WARNING" enabled_by_default="true" />
  <inspection_tool class="EditorConfigCharClassRedundancy" enabled="true" level="WARNING" enabled_by_default="true" />
  <inspection_tool class="EditorConfigDeprecatedDescriptor" enabled="true" level="WARNING" enabled_by_default="true" />
  <inspection_tool class="EditorConfigEmptyHeader" enabled="true" level="ERROR" enabled_by_default="true" />
  <inspection_tool class="EditorConfigEmptySection" enabled="true" level="WARNING" enabled_by_default="true" />
  <inspection_tool class="EditorConfigHeaderUniqueness" enabled="true" level="WARNING" enabled_by_default="true" />
  <inspection_tool class="EditorConfigKeyCorrectness" enabled="true" level="WARNING" enabled_by_default="true" />
  <inspection_tool class="EditorConfigListAcceptability" enabled="true" level="ERROR" enabled_by_default="true" />
  <inspection_tool class="EditorConfigMissingRequiredDeclaration" enabled="true" level="ERROR" enabled_by_default="true" />
  <inspection_tool class="EditorConfigNoMatchingFiles" enabled="true" level="WARNING" enabled_by_default="true" />
  <inspection_tool class="EditorConfigNumerousWildcards" enabled="true" level="WEAK WARNING" enabled_by_default="true" />
  <inspection_tool class="EditorConfigOptionRedundancy" enabled="true" level="WARNING" enabled_by_default="true" />
  <inspection_tool class="EditorConfigPairAcceptability" enabled="true" level="ERROR" enabled_by_default="true" />
  <inspection_tool class="EditorConfigPartialOverride" enabled="true" level="WEAK WARNING" enabled_by_default="true" />
  <inspection_tool class="EditorConfigPatternEnumerationRedundancy" enabled="true" level="ERROR" enabled_by_default="true" />
  <inspection_tool class="EditorConfigPatternRedundancy" enabled="true" level="WARNING" enabled_by_default="true" />
  <inspection_tool class="EditorConfigReferenceCorrectness" enabled="true" level="ERROR" enabled_by_default="true" />
  <inspection_tool class="EditorConfigRootDeclarationCorrectness" enabled="true" level="ERROR" enabled_by_default="true" />
  <inspection_tool class="EditorConfigRootDeclarationUniqueness" enabled="true" level="ERROR" enabled_by_default="true" />
  <inspection_tool class="EditorConfigShadowedOption" enabled="true" level="WARNING" enabled_by_default="true" />
  <inspection_tool class="EditorConfigShadowingOption" enabled="true" level="WARNING" enabled_by_default="true" />
  <inspection_tool class="EditorConfigSpaceInHeader" enabled="true" level="WEAK WARNING" enabled_by_default="true" />
  <inspection_tool class="EditorConfigUnexpectedComma" enabled="true" level="ERROR" enabled_by_default="true" />
  <inspection_tool class="EditorConfigUnusedDeclaration" enabled="true" level="WARNING" enabled_by_default="true" />
  <inspection_tool class="EditorConfigValueCorrectness" enabled="true" level="ERROR" enabled_by_default="true" />
  <inspection_tool class="EditorConfigValueUniqueness" enabled="true" level="ERROR" enabled_by_default="true" />
  <inspection_tool class="EditorConfigWildcardRedundancy" enabled="true" level="WARNING" enabled_by_default="true" />
  <inspection_tool class="EmptyCatchBlockJS" enabled="false" level="WARNING" enabled_by_default="false" />
  <inspection_tool class="EmptyFinallyBlockJS" enabled="false" level="WARNING" enabled_by_default="false" />
  <inspection_tool class="EmptyStatementBodyJS" enabled="true" level="WARNING" enabled_by_default="true">
    <option name="m_reportEmptyBlocks" value="false" />
  </inspection_tool>
  <inspection_tool class="EmptyTryBlockJS" enabled="false" level="WARNING" enabled_by_default="false" />
  <inspection_tool class="Eslint" enabled="false" level="WARNING" enabled_by_default="false" />
  <inspection_tool class="EventMethodCall" enabled="true" level="WARNING" enabled_by_default="true" />
  <inspection_tool class="ExceptionCaughtLocallyJS" enabled="true" level="WARNING" enabled_by_default="true" />
  <inspection_tool class="FallThroughInSwitchStatementJS" enabled="true" level="WARNING" enabled_by_default="true" />
  <inspection_tool class="FileHeaderInspection" enabled="true" level="WEAK WARNING" enabled_by_default="true" />
  <inspection_tool class="FlowJSConfig" enabled="true" level="WARNING" enabled_by_default="true" />
  <inspection_tool class="FlowJSCoverage" enabled="false" level="WEAK WARNING" enabled_by_default="false" />
  <inspection_tool class="FlowJSError" enabled="false" level="ERROR" enabled_by_default="false" />
  <inspection_tool class="FlowJSFlagCommentPlacement" enabled="true" level="WARNING" enabled_by_default="true" />
  <inspection_tool class="ForLoopReplaceableByWhileJS" enabled="false" level="WARNING" enabled_by_default="false">
    <option name="m_ignoreLoopsWithoutConditions" value="false" />
  </inspection_tool>
  <inspection_tool class="ForLoopThatDoesntUseLoopVariableJS" enabled="false" level="WARNING" enabled_by_default="false" />
  <inspection_tool class="FormTypeAsClassConstant" enabled="true" level="WARNING" enabled_by_default="true" />
  <inspection_tool class="FunctionNamingConventionJS" enabled="false" level="WARNING" enabled_by_default="false">
    <option name="m_regex" value="[a-z][A-Za-z]*" />
    <option name="m_minLength" value="4" />
    <option name="m_maxLength" value="32" />
  </inspection_tool>
  <inspection_tool class="FunctionWithInconsistentReturnsJS" enabled="false" level="WARNING" enabled_by_default="false" />
  <inspection_tool class="FunctionWithMultipleLoopsJS" enabled="false" level="WARNING" enabled_by_default="false" />
  <inspection_tool class="FunctionWithMultipleReturnPointsJS" enabled="false" level="WARNING" enabled_by_default="false" />
  <inspection_tool class="GherkinBrokenTableInspection" enabled="true" level="ERROR" enabled_by_default="true" />
  <inspection_tool class="GherkinMisplacedBackground" enabled="true" level="ERROR" enabled_by_default="true" />
  <inspection_tool class="GherkinScenarioToScenarioOutline" enabled="true" level="ERROR" enabled_by_default="true" />
  <inspection_tool class="GjsLint" enabled="false" level="WARNING" enabled_by_default="false" />
  <inspection_tool class="HamlNestedTagContent" enabled="true" level="WARNING" enabled_by_default="true" />
  <inspection_tool class="HardwiredNamespacePrefix" enabled="true" level="WARNING" enabled_by_default="true" />
  <inspection_tool class="HtmlDeprecatedAttribute" enabled="true" level="WARNING" enabled_by_default="true" />
  <inspection_tool class="HtmlDeprecatedTag" enabled="true" level="WARNING" enabled_by_default="true" />
  <inspection_tool class="HtmlExtraClosingTag" enabled="true" level="WARNING" enabled_by_default="true" />
  <inspection_tool class="HtmlFormInputWithoutLabel" enabled="true" level="WARNING" enabled_by_default="true" />
  <inspection_tool class="HtmlMissingClosingTag" enabled="true" level="INFORMATION" enabled_by_default="true" />
  <inspection_tool class="HtmlNonExistentInternetResource" enabled="false" level="WARNING" enabled_by_default="false" />
  <inspection_tool class="HtmlPresentationalElement" enabled="false" level="INFORMATION" enabled_by_default="false" />
  <inspection_tool class="HtmlRequiredAltAttribute" enabled="true" level="WARNING" enabled_by_default="true" />
  <inspection_tool class="HtmlRequiredLangAttribute" enabled="true" level="WARNING" enabled_by_default="true" />
  <inspection_tool class="HtmlRequiredSummaryAttribute" enabled="false" level="INFORMATION" enabled_by_default="false" />
  <inspection_tool class="HtmlRequiredTitleAttribute" enabled="false" level="INFORMATION" enabled_by_default="false" />
  <inspection_tool class="HtmlRequiredTitleElement" enabled="true" level="WARNING" enabled_by_default="true" />
  <inspection_tool class="HtmlUnknownAnchorTarget" enabled="true" level="WARNING" enabled_by_default="true" />
  <inspection_tool class="HtmlUnknownAttribute" enabled="true" level="WARNING" enabled_by_default="true">
    <option name="myValues">
      <value>
        <list size="0" />
      </value>
    </option>
    <option name="myCustomValuesEnabled" value="true" />
  </inspection_tool>
  <inspection_tool class="HtmlUnknownBooleanAttribute" enabled="true" level="WARNING" enabled_by_default="true" />
  <inspection_tool class="HtmlUnknownTag" enabled="false" level="WARNING" enabled_by_default="false">
    <option name="myValues">
      <value>
        <list size="8">
          <item index="0" class="java.lang.String" itemvalue="nobr" />
          <item index="1" class="java.lang.String" itemvalue="noembed" />
          <item index="2" class="java.lang.String" itemvalue="comment" />
          <item index="3" class="java.lang.String" itemvalue="noscript" />
          <item index="4" class="java.lang.String" itemvalue="embed" />
          <item index="5" class="java.lang.String" itemvalue="script" />
          <item index="6" class="java.lang.String" itemvalue="info" />
          <item index="7" class="java.lang.String" itemvalue="error" />
        </list>
      </value>
    </option>
    <option name="myCustomValuesEnabled" value="true" />
  </inspection_tool>
  <inspection_tool class="HtmlUnknownTarget" enabled="true" level="WARNING" enabled_by_default="true" />
  <inspection_tool class="IfStatementWithIdenticalBranchesJS" enabled="false" level="WARNING" enabled_by_default="false" />
  <inspection_tool class="IfStatementWithTooManyBranchesJS" enabled="false" level="WARNING" enabled_by_default="false">
    <option name="m_limit" value="3" />
  </inspection_tool>
  <inspection_tool class="IgnoreFileDuplicateEntry" enabled="true" level="WARNING" enabled_by_default="true" />
  <inspection_tool class="ImplicitTypeConversion" enabled="true" level="WARNING" enabled_by_default="true">
    <option name="BITS" value="1720" />
    <option name="FLAG_EXPLICIT_CONVERSION" value="true" />
    <option name="IGNORE_NODESET_TO_BOOLEAN_VIA_STRING" value="true" />
  </inspection_tool>
  <inspection_tool class="IncompatibleMaskJS" enabled="true" level="WARNING" enabled_by_default="true" />
  <inspection_tool class="InconsistentLineSeparators" enabled="false" level="WARNING" enabled_by_default="false" />
  <inspection_tool class="IncrementDecrementResultUsedJS" enabled="false" level="WARNING" enabled_by_default="false" />
  <inspection_tool class="IndexZeroUsage" enabled="true" level="WARNING" enabled_by_default="true" />
  <inspection_tool class="InfiniteLoopJS" enabled="true" level="WARNING" enabled_by_default="true" />
  <inspection_tool class="InfiniteRecursionJS" enabled="true" level="WARNING" enabled_by_default="true" />
  <inspection_tool class="InjectedReferences" enabled="true" level="ERROR" enabled_by_default="true" />
  <inspection_tool class="InnerHTMLJS" enabled="false" level="WARNING" enabled_by_default="false" />
  <inspection_tool class="JSAccessibilityCheck" enabled="true" level="WARNING" enabled_by_default="true" />
  <inspection_tool class="JSAnnotator" enabled="true" level="ERROR" enabled_by_default="true" />
  <inspection_tool class="JSArrowFunctionBracesCanBeRemoved" enabled="true" level="INFORMATION" enabled_by_default="true" />
  <inspection_tool class="JSAssignmentUsedAsCondition" enabled="true" level="WARNING" enabled_by_default="true" />
  <inspection_tool class="JSBitwiseOperatorUsage" enabled="true" level="WARNING" enabled_by_default="true" />
  <inspection_tool class="JSCheckFunctionSignatures" enabled="true" level="WEAK WARNING" enabled_by_default="true" />
  <inspection_tool class="JSClassNamingConvention" enabled="false" level="WARNING" enabled_by_default="false" />
  <inspection_tool class="JSClosureCompilerSyntax" enabled="true" level="WARNING" enabled_by_default="true" />
  <inspection_tool class="JSCommentMatchesSignature" enabled="true" level="WARNING" enabled_by_default="true" />
  <inspection_tool class="JSComparisonWithNaN" enabled="true" level="WARNING" enabled_by_default="true" />
  <inspection_tool class="JSConsecutiveCommasInArrayLiteral" enabled="true" level="WARNING" enabled_by_default="true" />
  <inspection_tool class="JSConstantReassignment" enabled="true" level="ERROR" enabled_by_default="true" />
  <inspection_tool class="JSConstructorReturnsPrimitive" enabled="true" level="WARNING" enabled_by_default="true" />
  <inspection_tool class="JSDeclarationsAtScopeStart" enabled="false" level="WEAK WARNING" enabled_by_default="false" />
  <inspection_tool class="JSDeprecatedSymbols" enabled="true" level="WEAK WARNING" enabled_by_default="true" />
  <inspection_tool class="JSDuplicateCaseLabel" enabled="true" level="WARNING" enabled_by_default="true" />
  <inspection_tool class="JSDuplicatedDeclaration" enabled="true" level="WARNING" enabled_by_default="true" />
  <inspection_tool class="JSEqualityComparisonWithCoercion" enabled="true" level="WARNING" enabled_by_default="true" />
  <inspection_tool class="JSEqualityComparisonWithCoercion.TS" enabled="false" level="WARNING" enabled_by_default="false" />
  <inspection_tool class="JSFileReferences" enabled="true" level="WARNING" enabled_by_default="true" />
  <inspection_tool class="JSFunctionExpressionToArrowFunction" enabled="true" level="INFORMATION" enabled_by_default="true" />
  <inspection_tool class="JSHint" enabled="false" level="ERROR" enabled_by_default="false" />
  <inspection_tool class="JSIgnoredPromiseFromCall" enabled="true" level="WEAK WARNING" enabled_by_default="true" />
  <inspection_tool class="JSIncompatibleTypesComparison" enabled="true" level="WEAK WARNING" enabled_by_default="true" />
  <inspection_tool class="JSJQueryEfficiency" enabled="true" level="WARNING" enabled_by_default="true" />
  <inspection_tool class="JSJoinVariableDeclarationAndAssignment" enabled="true" level="INFORMATION" enabled_by_default="true" />
  <inspection_tool class="JSLastCommaInArrayLiteral" enabled="true" level="WARNING" enabled_by_default="true" />
  <inspection_tool class="JSLastCommaInObjectLiteral" enabled="true" level="WARNING" enabled_by_default="true" />
  <inspection_tool class="JSLint" enabled="false" level="ERROR" enabled_by_default="false" />
  <inspection_tool class="JSMethodCanBeStatic" enabled="true" level="WARNING" enabled_by_default="true" />
  <inspection_tool class="JSMismatchedCollectionQueryUpdate" enabled="true" level="WARNING" enabled_by_default="true">
    <option name="queries" value="trace,write,forEach,length,size" />
    <option name="updates" value="pop,push,shift,splice,unshift,add,insert,remove" />
  </inspection_tool>
  <inspection_tool class="JSMissingSwitchBranches" enabled="true" level="INFORMATION" enabled_by_default="true" />
  <inspection_tool class="JSMissingSwitchDefault" enabled="true" level="INFORMATION" enabled_by_default="true" />
  <inspection_tool class="JSNonASCIINames" enabled="true" level="WARNING" enabled_by_default="true" />
  <inspection_tool class="JSNonStrictModeUsed" enabled="false" level="WARNING" enabled_by_default="false" />
  <inspection_tool class="JSObjectNullOrUndefined" enabled="true" level="WARNING" enabled_by_default="true" />
  <inspection_tool class="JSPotentiallyInvalidConstructorUsage" enabled="true" level="WARNING" enabled_by_default="true">
    <option name="myConsiderUppercaseFunctionsToBeConstructors" value="true" />
  </inspection_tool>
  <inspection_tool class="JSPotentiallyInvalidTargetOfIndexedPropertyAccess" enabled="true" level="WARNING" enabled_by_default="true" />
  <inspection_tool class="JSPotentiallyInvalidUsageOfClassThis" enabled="true" level="WARNING" enabled_by_default="true" />
  <inspection_tool class="JSPotentiallyInvalidUsageOfThis" enabled="true" level="WARNING" enabled_by_default="true" />
  <inspection_tool class="JSPrimitiveTypeWrapperUsage" enabled="true" level="WARNING" enabled_by_default="true" />
  <inspection_tool class="JSRedeclarationOfBlockScope" enabled="true" level="ERROR" enabled_by_default="true" />
  <inspection_tool class="JSRedundantSwitchStatement" enabled="true" level="WEAK WARNING" enabled_by_default="true" />
  <inspection_tool class="JSReferencingArgumentsOutsideOfFunction" enabled="true" level="ERROR" enabled_by_default="true" />
  <inspection_tool class="JSReferencingMutableVariableFromClosure" enabled="true" level="WARNING" enabled_by_default="true" />
  <inspection_tool class="JSRemoveUnnecessaryParentheses" enabled="true" level="INFORMATION" enabled_by_default="true" />
  <inspection_tool class="JSStringConcatenationToES6Template" enabled="true" level="INFORMATION" enabled_by_default="true" />
  <inspection_tool class="JSSuspiciousEqPlus" enabled="true" level="WARNING" enabled_by_default="true" />
  <inspection_tool class="JSSuspiciousNameCombination" enabled="true" level="WARNING" enabled_by_default="true">
    <group names="x,width,left,right" />
    <group names="y,height,top,bottom" />
    <exclude classes="Math" />
  </inspection_tool>
  <inspection_tool class="JSSwitchVariableDeclarationIssue" enabled="true" level="WARNING" enabled_by_default="true" />
  <inspection_tool class="JSTestFailedLine" enabled="true" level="WARNING" enabled_by_default="true" />
  <inspection_tool class="JSTypeOfValues" enabled="true" level="WARNING" enabled_by_default="true" />
  <inspection_tool class="JSUndeclaredVariable" enabled="true" level="WEAK WARNING" enabled_by_default="true" />
  <inspection_tool class="JSUndefinedPropertyAssignment" enabled="true" level="WEAK WARNING" enabled_by_default="true" />
  <inspection_tool class="JSUnfilteredForInLoop" enabled="true" level="WARNING" enabled_by_default="true" />
  <inspection_tool class="JSUnnecessarySemicolon" enabled="true" level="WARNING" enabled_by_default="true" />
  <inspection_tool class="JSUnreachableSwitchBranches" enabled="true" level="WARNING" enabled_by_default="true" />
  <inspection_tool class="JSUnresolvedExtXType" enabled="true" level="WARNING" enabled_by_default="true" />
  <inspection_tool class="JSUnresolvedFunction" enabled="true" level="WEAK WARNING" enabled_by_default="true" />
  <inspection_tool class="JSUnresolvedLibraryURL" enabled="true" level="WARNING" enabled_by_default="true" />
  <inspection_tool class="JSUnresolvedVariable" enabled="true" level="WEAK WARNING" enabled_by_default="true" />
  <inspection_tool class="JSUnusedAssignment" enabled="true" level="WARNING" enabled_by_default="true" />
  <inspection_tool class="JSUnusedGlobalSymbols" enabled="true" level="WARNING" enabled_by_default="true" />
  <inspection_tool class="JSUnusedLocalSymbols" enabled="true" level="WARNING" enabled_by_default="true" />
  <inspection_tool class="JSValidateJSDoc" enabled="true" level="WARNING" enabled_by_default="true" />
  <inspection_tool class="JSValidateTypes" enabled="true" level="WEAK WARNING" enabled_by_default="true" />
  <inspection_tool class="JSXNamespaceValidation" enabled="true" level="WEAK WARNING" enabled_by_default="true" />
  <inspection_tool class="Jscs" enabled="false" level="ERROR" enabled_by_default="false" />
  <inspection_tool class="Json5StandardCompliance" enabled="true" level="ERROR" enabled_by_default="true" />
  <inspection_tool class="JsonDuplicatePropertyKeys" enabled="true" level="WARNING" enabled_by_default="true" />
  <inspection_tool class="JsonSchemaCompliance" enabled="true" level="WARNING" enabled_by_default="true" />
  <inspection_tool class="JsonSchemaDeprecation" enabled="true" level="WEAK WARNING" enabled_by_default="true" />
  <inspection_tool class="JsonSchemaRefReference" enabled="true" level="WARNING" enabled_by_default="true" />
  <inspection_tool class="JsonStandardCompliance" enabled="true" level="ERROR" enabled_by_default="true" />
  <inspection_tool class="LabeledStatementJS" enabled="false" level="WARNING" enabled_by_default="false" />
  <inspection_tool class="LessResolvedByNameOnly" enabled="true" level="WEAK WARNING" enabled_by_default="true" />
  <inspection_tool class="LessUnresolvedMixin" enabled="true" level="WARNING" enabled_by_default="true" />
  <inspection_tool class="LessUnresolvedVariable" enabled="true" level="WARNING" enabled_by_default="true" />
  <inspection_tool class="LocalVariableNamingConventionJS" enabled="false" level="WARNING" enabled_by_default="false">
    <option name="m_regex" value="[a-z][A-Za-z]*" />
    <option name="m_minLength" value="1" />
    <option name="m_maxLength" value="32" />
  </inspection_tool>
  <inspection_tool class="LongLine" enabled="false" level="WARNING" enabled_by_default="false" />
  <inspection_tool class="LoopStatementThatDoesntLoopJS" enabled="true" level="WARNING" enabled_by_default="true" />
  <inspection_tool class="LossyEncoding" enabled="true" level="WARNING" enabled_by_default="true" />
  <inspection_tool class="MagicNumberJS" enabled="false" level="WARNING" enabled_by_default="false" />
  <inspection_tool class="MarkdownUnresolvedFileReference" enabled="true" level="WARNING" enabled_by_default="true" />
  <inspection_tool class="MessDetectorValidationInspection" enabled="false" level="WEAK WARNING" enabled_by_default="false" />
  <inspection_tool class="MissingService" enabled="true" level="WARNING" enabled_by_default="true" />
  <inspection_tool class="MissingSinceTagDocInspection" enabled="true" level="WEAK WARNING" enabled_by_default="true" />
  <inspection_tool class="MsBuiltinInspection" enabled="false" level="WARNING" enabled_by_default="false" />
  <inspection_tool class="MsOrderByInspection" enabled="false" level="ERROR" enabled_by_default="false" />
  <inspection_tool class="MysqlLoadDataPathInspection" enabled="false" level="WARNING" enabled_by_default="false" />
  <inspection_tool class="MysqlParsingInspection" enabled="false" level="WARNING" enabled_by_default="false" />
  <inspection_tool class="NegatedConditionalExpressionJS" enabled="false" level="WARNING" enabled_by_default="false" />
  <inspection_tool class="NegatedIfStatementJS" enabled="false" level="WARNING" enabled_by_default="false" />
  <inspection_tool class="NestedAssignmentJS" enabled="false" level="WARNING" enabled_by_default="false" />
  <inspection_tool class="NestedConditionalExpressionJS" enabled="false" level="WARNING" enabled_by_default="false" />
  <inspection_tool class="NestedFunctionCallJS" enabled="false" level="WARNING" enabled_by_default="false" />
  <inspection_tool class="NestedFunctionJS" enabled="false" level="WARNING" enabled_by_default="false">
    <option name="m_includeAnonymousFunctions" value="false" />
  </inspection_tool>
  <inspection_tool class="NestedSwitchStatementJS" enabled="false" level="WARNING" enabled_by_default="false" />
  <inspection_tool class="NestingDepthJS" enabled="false" level="WARNING" enabled_by_default="false">
    <option name="m_limit" value="5" />
  </inspection_tool>
  <inspection_tool class="NodeJsCodingAssistanceForCoreModules" enabled="true" level="WARNING" enabled_by_default="true" />
  <inspection_tool class="NodeModulesDependencies" enabled="true" level="WEAK WARNING" enabled_by_default="true" />
  <inspection_tool class="NonAsciiCharacters" enabled="true" level="WARNING" enabled_by_default="true" />
  <inspection_tool class="NonBlockStatementBodyJS" enabled="false" level="WARNING" enabled_by_default="false" />
  <inspection_tool class="NonShortCircuitBooleanExpressionJS" enabled="false" level="WARNING" enabled_by_default="false" />
  <inspection_tool class="NpmUsedModulesInstalled" enabled="true" level="WEAK WARNING" enabled_by_default="true" />
  <inspection_tool class="ObjectAllocationIgnoredJS" enabled="false" level="WARNING" enabled_by_default="false" />
  <inspection_tool class="OctalIntegerJS" enabled="true" level="WARNING" enabled_by_default="true" />
  <inspection_tool class="OverlyComplexArithmeticExpressionJS" enabled="false" level="WARNING" enabled_by_default="false">
    <option name="m_limit" value="6" />
  </inspection_tool>
  <inspection_tool class="OverlyComplexBooleanExpressionJS" enabled="false" level="WARNING" enabled_by_default="false">
    <option name="m_limit" value="3" />
  </inspection_tool>
  <inspection_tool class="PackageJsonMismatchedDependency" enabled="true" level="WARNING" enabled_by_default="true" />
  <inspection_tool class="ParameterNamingConventionJS" enabled="false" level="WARNING" enabled_by_default="false">
    <option name="m_regex" value="[a-z][A-Za-z]*" />
    <option name="m_minLength" value="1" />
    <option name="m_maxLength" value="32" />
  </inspection_tool>
  <inspection_tool class="ParametersPerFunctionJS" enabled="false" level="WARNING" enabled_by_default="false">
    <option name="m_limit" value="5" />
  </inspection_tool>
  <inspection_tool class="PgSelectFromProcedureInspection" enabled="false" level="WARNING" enabled_by_default="false" />
  <inspection_tool class="PhingDomInspection" enabled="true" level="ERROR" enabled_by_default="true" />
  <inspection_tool class="PhpAbstractStaticMethodInspection" enabled="true" level="WARNING" enabled_by_default="true" />
  <inspection_tool class="PhpArrayFillCanBeConvertedToLoopInspection" enabled="true" level="INFORMATION" enabled_by_default="true" />
  <inspection_tool class="PhpArrayFilterCanBeConvertedToLoopInspection" enabled="true" level="INFORMATION" enabled_by_default="true" />
  <inspection_tool class="PhpArrayMapCanBeConvertedToLoopInspection" enabled="true" level="INFORMATION" enabled_by_default="true" />
  <inspection_tool class="PhpAssignmentInConditionInspection" enabled="true" level="INFORMATION" enabled_by_default="true" />
  <inspection_tool class="PhpAssignmentReplaceableWithOperatorAssignmentInspection" enabled="true" level="INFORMATION" enabled_by_default="true" />
  <inspection_tool class="PhpAssignmentReplaceableWithPrefixExpressionInspection" enabled="true" level="INFORMATION" enabled_by_default="true" />
  <inspection_tool class="PhpCSFixerValidationInspection" enabled="false" level="WEAK WARNING" enabled_by_default="false" />
  <inspection_tool class="PhpCSValidationInspection" enabled="false" level="WEAK WARNING" enabled_by_default="false" />
  <inspection_tool class="PhpClassNamingConventionInspection" enabled="false" level="WARNING" enabled_by_default="false" />
  <inspection_tool class="PhpClosureCanBeConvertedToShortArrowFunctionInspection" enabled="true" level="INFORMATION" enabled_by_default="true" />
  <inspection_tool class="PhpComposerExtensionStubsInspection" enabled="true" level="WARNING" enabled_by_default="true" />
  <inspection_tool class="PhpCompoundNamespaceDepthInspection" enabled="true" level="WEAK WARNING" enabled_by_default="true" />
  <inspection_tool class="PhpConstantNamingConventionInspection" enabled="false" level="WARNING" enabled_by_default="false" />
  <inspection_tool class="PhpConstantReassignmentInspection" enabled="true" level="WARNING" enabled_by_default="true" />
  <inspection_tool class="PhpConstructorStyleInspection" enabled="true" level="WARNING" enabled_by_default="true" />
  <inspection_tool class="PhpCurlyBraceAccessSyntaxUsageInspection" enabled="true" level="ERROR" enabled_by_default="true" />
  <inspection_tool class="PhpDeprecatedCastInspection" enabled="true" level="WEAK WARNING" enabled_by_default="true" />
  <inspection_tool class="PhpDeprecatedImplodeUsageInspection" enabled="true" level="WARNING" enabled_by_default="true" />
  <inspection_tool class="PhpDeprecationInspection" enabled="true" level="WEAK WARNING" enabled_by_default="true" />
  <inspection_tool class="PhpDisabledExtensionStubsInspection" enabled="true" level="INFORMATION" enabled_by_default="true" />
  <inspection_tool class="PhpDivisionByZeroInspection" enabled="false" level="WARNING" enabled_by_default="false" />
  <inspection_tool class="PhpDocFieldTypeMismatchInspection" enabled="true" level="WEAK WARNING" enabled_by_default="true" />
  <inspection_tool class="PhpDocMissingReturnTagInspection" enabled="true" level="WEAK WARNING" enabled_by_default="true" />
  <inspection_tool class="PhpDocMissingThrowsInspection" enabled="true" level="WEAK WARNING" enabled_by_default="true" />
  <inspection_tool class="PhpDocRedundantThrowsInspection" enabled="true" level="WEAK WARNING" enabled_by_default="true" />
  <inspection_tool class="PhpDocSignatureInspection" enabled="true" level="WEAK WARNING" enabled_by_default="true" />
  <inspection_tool class="PhpDuplicateArrayKeysInspection" enabled="true" level="WARNING" enabled_by_default="true" />
  <inspection_tool class="PhpDuplicateCaseInspection" enabled="true" level="WARNING" enabled_by_default="true" />
  <inspection_tool class="PhpDuplicateSwitchCaseBodyInspection" enabled="true" level="WEAK WARNING" enabled_by_default="true" />
  <inspection_tool class="PhpDynamicAsStaticMethodCallInspection" enabled="true" level="WARNING" enabled_by_default="true" />
  <inspection_tool class="PhpExpressionResultUnusedInspection" enabled="true" level="WARNING" enabled_by_default="true" />
  <inspection_tool class="PhpExpressionWithSameOperandsInspection" enabled="true" level="WEAK WARNING" enabled_by_default="true" />
  <inspection_tool class="PhpExpressionWithoutClarifyingParenthesesInspection" enabled="true" level="INFORMATION" enabled_by_default="true" />
  <inspection_tool class="PhpFieldAssignmentTypeMismatchInspection" enabled="true" level="WARNING" enabled_by_default="true" />
  <inspection_tool class="PhpForeachArrayIsUsedAsValueInspection" enabled="true" level="WARNING" enabled_by_default="true" />
  <inspection_tool class="PhpForeachNestedOuterKeyValueVariablesConflictInspection" enabled="true" level="WARNING" enabled_by_default="true" />
  <inspection_tool class="PhpFormatFunctionParametersMismatchInspection" enabled="true" level="WARNING" enabled_by_default="true" />
  <inspection_tool class="PhpFullyQualifiedNameUsageInspection" enabled="true" level="WARNING" enabled_by_default="true" />
  <inspection_tool class="PhpFunctionNamingConventionInspection" enabled="false" level="WARNING" enabled_by_default="false" />
  <inspection_tool class="PhpGotoIntoLoopInspection" enabled="true" level="ERROR" enabled_by_default="true" />
  <inspection_tool class="PhpHierarchyChecksInspection" enabled="true" level="ERROR" enabled_by_default="true" />
  <inspection_tool class="PhpIgnoredClassAliasDeclaration" enabled="true" level="WEAK WARNING" enabled_by_default="true" />
  <inspection_tool class="PhpIllegalArrayKeyTypeInspection" enabled="true" level="WARNING" enabled_by_default="true" />
  <inspection_tool class="PhpIllegalPsrClassPathInspection" enabled="true" level="WARNING" enabled_by_default="true" />
  <inspection_tool class="PhpIllegalStringOffsetInspection" enabled="true" level="WARNING" enabled_by_default="true" />
  <inspection_tool class="PhpIncludeInspection" enabled="true" level="WARNING" enabled_by_default="true" />
  <inspection_tool class="PhpIncompatibleReturnTypeInspection" enabled="true" level="WARNING" enabled_by_default="true" />
  <inspection_tool class="PhpInconsistentReturnPointsInspection" enabled="true" level="WARNING" enabled_by_default="true" />
  <inspection_tool class="PhpInternalEntityUsedInspection" enabled="true" level="WEAK WARNING" enabled_by_default="true" />
  <inspection_tool class="PhpInvalidMagicMethodModifiersInspection" enabled="true" level="WARNING" enabled_by_default="true" />
  <inspection_tool class="PhpLanguageLevelInspection" enabled="true" level="ERROR" enabled_by_default="true" />
  <inspection_tool class="PhpLongTypeFormInspection" enabled="true" level="WEAK WARNING" enabled_by_default="true" />
  <inspection_tool class="PhpLoopCanBeConvertedToArrayFillInspection" enabled="true" level="INFORMATION" enabled_by_default="true" />
  <inspection_tool class="PhpLoopCanBeConvertedToArrayFilterInspection" enabled="true" level="INFORMATION" enabled_by_default="true" />
  <inspection_tool class="PhpLoopCanBeConvertedToArrayMapInspection" enabled="true" level="INFORMATION" enabled_by_default="true" />
  <inspection_tool class="PhpMethodMayBeStaticInspection" enabled="true" level="INFORMATION" enabled_by_default="true" />
  <inspection_tool class="PhpMethodNamingConventionInspection" enabled="false" level="WARNING" enabled_by_default="false" />
  <inspection_tool class="PhpMethodOrClassCallIsNotCaseSensitiveInspection" enabled="false" level="WARNING" enabled_by_default="false" />
  <inspection_tool class="PhpMethodParametersCountMismatchInspection" enabled="true" level="WARNING" enabled_by_default="true" />
  <inspection_tool class="PhpMissingBreakStatementInspection" enabled="true" level="WARNING" enabled_by_default="true" />
  <inspection_tool class="PhpMissingDocCommentInspection" enabled="false" level="WARNING" enabled_by_default="false" />
  <inspection_tool class="PhpMissingFieldTypeInspection" enabled="true" level="WEAK WARNING" enabled_by_default="true" />
  <inspection_tool class="PhpMissingParentCallCommonInspection" enabled="false" level="WEAK WARNING" enabled_by_default="false" />
  <inspection_tool class="PhpMissingParentCallMagicInspection" enabled="false" level="WARNING" enabled_by_default="false" />
  <inspection_tool class="PhpMissingParentConstructorInspection" enabled="true" level="WARNING" enabled_by_default="true" />
  <inspection_tool class="PhpMissingStrictTypesDeclarationInspection" enabled="false" level="WARNING" enabled_by_default="false" />
  <inspection_tool class="PhpMissingVisibilityInspection" enabled="true" level="WEAK WARNING" enabled_by_default="true" />
  <inspection_tool class="PhpModifierOrderInspection" enabled="true" level="WEAK WARNING" enabled_by_default="true" />
  <inspection_tool class="PhpMultipleClassesDeclarationsInOneFile" enabled="true" level="WARNING" enabled_by_default="true" />
  <inspection_tool class="PhpNestedTernaryExpressionUsageInspection" enabled="true" level="ERROR" enabled_by_default="true" />
  <inspection_tool class="PhpNewClassMissingParameterListInspection" enabled="true" level="WEAK WARNING" enabled_by_default="true" />
  <inspection_tool class="PhpNonCanonicalElementsOrderInspection" enabled="false" level="WEAK WARNING" enabled_by_default="false" />
  <inspection_tool class="PhpNonCompoundUseInspection" enabled="true" level="WARNING" enabled_by_default="true" />
  <inspection_tool class="PhpNonStrictObjectEqualityInspection" enabled="true" level="WARNING" enabled_by_default="true" />
  <inspection_tool class="PhpOptionalBeforeRequiredParametersInspection" enabled="true" level="WARNING" enabled_by_default="true" />
  <inspection_tool class="PhpParamsInspection" enabled="true" level="WARNING" enabled_by_default="true" />
  <inspection_tool class="PhpPassByRefInspection" enabled="true" level="ERROR" enabled_by_default="true" />
  <inspection_tool class="PhpPossiblePolymorphicInvocationInspection" enabled="true" level="WEAK WARNING" enabled_by_default="true" />
  <inspection_tool class="PhpPropertyNamingConventionInspection" enabled="false" level="WARNING" enabled_by_default="false" />
  <inspection_tool class="PhpRedundantCatchClauseInspection" enabled="true" level="WARNING" enabled_by_default="true" />
  <inspection_tool class="PhpRedundantClosingTagInspection" enabled="true" level="WEAK WARNING" enabled_by_default="true" />
  <inspection_tool class="PhpRouteMissingInspection" enabled="true" level="WARNING" enabled_by_default="true" />
  <inspection_tool class="PhpSeparateElseIfInspection" enabled="false" level="WEAK WARNING" enabled_by_default="false" />
  <inspection_tool class="PhpShortOpenTagInspection" enabled="true" level="WARNING" enabled_by_default="true" />
  <inspection_tool class="PhpSignatureMismatchDuringInheritanceInspection" enabled="true" level="WARNING" enabled_by_default="true" />
  <inspection_tool class="PhpSillyAssignmentInspection" enabled="true" level="WARNING" enabled_by_default="true" />
  <inspection_tool class="PhpSingleStatementWithBracesInspection" enabled="true" level="INFORMATION" enabled_by_default="true" />
  <inspection_tool class="PhpStatementHasEmptyBodyInspection" enabled="true" level="WARNING" enabled_by_default="true" />
  <inspection_tool class="PhpStatementWithoutBracesInspection" enabled="true" level="INFORMATION" enabled_by_default="true" />
  <inspection_tool class="PhpStaticAsDynamicMethodCallInspection" enabled="false" level="WEAK WARNING" enabled_by_default="false" />
  <inspection_tool class="PhpStrictTypeCheckingInspection" enabled="true" level="ERROR" enabled_by_default="true" />
  <inspection_tool class="PhpSuperClassIncompatibleWithInterfaceInspection" enabled="true" level="ERROR" enabled_by_default="true" />
  <inspection_tool class="PhpSwitchCaseWithoutDefaultBranchInspection" enabled="true" level="INFORMATION" enabled_by_default="true" />
  <inspection_tool class="PhpTemplateMissingInspection" enabled="true" level="WARNING" enabled_by_default="true" />
  <inspection_tool class="PhpToStringImplementationInspection" enabled="true" level="WARNING" enabled_by_default="true" />
  <inspection_tool class="PhpToStringReturnInspection" enabled="true" level="ERROR" enabled_by_default="true" />
  <inspection_tool class="PhpTooManyParametersInspection" enabled="false" level="WARNING" enabled_by_default="false" />
  <inspection_tool class="PhpTraditionalSyntaxArrayLiteralInspection" enabled="true" level="WARNING" enabled_by_default="true" />
  <inspection_tool class="PhpTraitsUseListInspection" enabled="true" level="WEAK WARNING" enabled_by_default="true" />
  <inspection_tool class="PhpTranslationDomainInspection" enabled="true" level="WARNING" enabled_by_default="true" />
  <inspection_tool class="PhpTranslationKeyInspection" enabled="true" level="WARNING" enabled_by_default="true" />
  <inspection_tool class="PhpUndefinedCallbackInspection" enabled="false" level="WARNING" enabled_by_default="false" />
  <inspection_tool class="PhpUndefinedClassConstantInspection" enabled="true" level="WARNING" enabled_by_default="true" />
  <inspection_tool class="PhpUndefinedClassInspection" enabled="true" level="WARNING" enabled_by_default="true" />
  <inspection_tool class="PhpUndefinedConstantInspection" enabled="true" level="WARNING" enabled_by_default="true" />
  <inspection_tool class="PhpUndefinedFieldInspection" enabled="true" level="WARNING" enabled_by_default="true" />
  <inspection_tool class="PhpUndefinedFunctionInspection" enabled="true" level="WARNING" enabled_by_default="true" />
  <inspection_tool class="PhpUndefinedGotoLabelInspection" enabled="true" level="WARNING" enabled_by_default="true" />
  <inspection_tool class="PhpUndefinedMethodInspection" enabled="true" level="WARNING" enabled_by_default="true" />
  <inspection_tool class="PhpUndefinedNamespaceInspection" enabled="true" level="WARNING" enabled_by_default="true" />
  <inspection_tool class="PhpUndefinedVariableInspection" enabled="true" level="ERROR" enabled_by_default="true" />
  <inspection_tool class="PhpUnhandledExceptionInspection" enabled="false" level="WARNING" enabled_by_default="false" />
  <inspection_tool class="PhpUnitCoversFunctionWithoutScopeResolutionOperatorInspection" enabled="true" level="WARNING" enabled_by_default="true" />
  <inspection_tool class="PhpUnitMissingTargetForTestInspection" enabled="true" level="INFORMATION" enabled_by_default="true" />
  <inspection_tool class="PhpUnitUndefinedDataProviderInspection" enabled="true" level="WARNING" enabled_by_default="true" />
  <inspection_tool class="PhpUnnecessaryFullyQualifiedNameInspection" enabled="true" level="WARNING" enabled_by_default="true" />
  <inspection_tool class="PhpUnnecessaryLocalVariableInspection" enabled="true" level="WEAK WARNING" enabled_by_default="true" />
  <inspection_tool class="PhpUnnecessaryParenthesesInspection" enabled="true" level="INFORMATION" enabled_by_default="true" />
  <inspection_tool class="PhpUnnecessarySemicolonInspection" enabled="true" level="WEAK WARNING" enabled_by_default="true" />
  <inspection_tool class="PhpUnpackedArrayArgumentTypeMismatchInspection" enabled="true" level="WARNING" enabled_by_default="true" />
  <inspection_tool class="PhpUnreachableStatementInspection" enabled="true" level="WARNING" enabled_by_default="true" />
  <inspection_tool class="PhpUnused" enabled="false" level="WEAK WARNING" enabled_by_default="false" />
  <inspection_tool class="PhpUnusedAliasInspection" enabled="true" level="WARNING" enabled_by_default="true" />
  <inspection_tool class="PhpUnusedLocalVariableInspection" enabled="true" level="WARNING" enabled_by_default="true" />
  <inspection_tool class="PhpUnusedParameterInspection" enabled="true" level="WARNING" enabled_by_default="true" />
  <inspection_tool class="PhpUnusedPrivateFieldInspection" enabled="true" level="WARNING" enabled_by_default="true" />
  <inspection_tool class="PhpUnusedPrivateMethodInspection" enabled="true" level="WARNING" enabled_by_default="true" />
  <inspection_tool class="PhpUsageOfSilenceOperatorInspection" enabled="false" level="WEAK WARNING" enabled_by_default="false" />
  <inspection_tool class="PhpVarUsageInspection" enabled="true" level="WEAK WARNING" enabled_by_default="true" />
  <inspection_tool class="PhpVariableNamingConventionInspection" enabled="false" level="WARNING" enabled_by_default="false" />
  <inspection_tool class="PhpVariableVariableInspection" enabled="true" level="WEAK WARNING" enabled_by_default="true" />
  <inspection_tool class="PhpVoidFunctionResultUsedInspection" enabled="true" level="WARNING" enabled_by_default="true" />
  <inspection_tool class="PhpWrongCatchClausesOrderInspection" enabled="true" level="WARNING" enabled_by_default="true" />
  <inspection_tool class="PhpWrongForeachArgumentTypeInspection" enabled="true" level="WARNING" enabled_by_default="true" />
  <inspection_tool class="PhpWrongStringConcatenationInspection" enabled="true" level="WARNING" enabled_by_default="true" />
  <inspection_tool class="PlatformDetectionJS" enabled="false" level="WARNING" enabled_by_default="false" />
  <inspection_tool class="PointlessArithmeticExpressionJS" enabled="true" level="WARNING" enabled_by_default="true" />
  <inspection_tool class="PointlessBitwiseExpressionJS" enabled="false" level="WARNING" enabled_by_default="false">
    <option name="m_ignoreExpressionsContainingConstants" value="false" />
  </inspection_tool>
  <inspection_tool class="PointlessBooleanExpressionJS" enabled="true" level="WARNING" enabled_by_default="true" />
  <inspection_tool class="ProblematicWhitespace" enabled="false" level="WARNING" enabled_by_default="false" />
  <inspection_tool class="ProjectFingerprint" enabled="false" level="WARNING" enabled_by_default="false" />
  <inspection_tool class="RedundantSuppression" enabled="true" level="WARNING" enabled_by_default="true" />
  <inspection_tool class="RedundantTypeConversion" enabled="true" level="WARNING" enabled_by_default="true">
    <option name="CHECK_ANY" value="false" />
  </inspection_tool>
  <inspection_tool class="RegExpAnonymousGroup" enabled="false" level="WARNING" enabled_by_default="false" />
  <inspection_tool class="RegExpDuplicateAlternationBranch" enabled="true" level="WARNING" enabled_by_default="true" />
  <inspection_tool class="RegExpEmptyAlternationBranch" enabled="true" level="WARNING" enabled_by_default="true" />
  <inspection_tool class="RegExpEscapedMetaCharacter" enabled="true" level="INFORMATION" enabled_by_default="true" />
  <inspection_tool class="RegExpOctalEscape" enabled="true" level="INFORMATION" enabled_by_default="true" />
  <inspection_tool class="RegExpRedundantEscape" enabled="true" level="WARNING" enabled_by_default="true" />
  <inspection_tool class="RegExpRepeatedSpace" enabled="true" level="WARNING" enabled_by_default="true" />
  <inspection_tool class="RegExpSingleCharAlternation" enabled="true" level="WARNING" enabled_by_default="true" />
  <inspection_tool class="RegExpUnexpectedAnchor" enabled="true" level="WARNING" enabled_by_default="true" />
  <inspection_tool class="ReplaceAssignmentWithOperatorAssignmentJS" enabled="false" level="WARNING" enabled_by_default="false" />
  <inspection_tool class="RepositoryClassInspection" enabled="true" level="WARNING" enabled_by_default="true" />
  <inspection_tool class="RequiredAttributes" enabled="true" level="WARNING" enabled_by_default="true">
    <option name="myAdditionalRequiredHtmlAttributes" value="" />
  </inspection_tool>
  <inspection_tool class="ReservedWordUsedAsNameJS" enabled="true" level="WARNING" enabled_by_default="true" />
  <inspection_tool class="ReturnFromFinallyBlockJS" enabled="true" level="WARNING" enabled_by_default="true" />
  <inspection_tool class="ReuseOfLocalVariableJS" enabled="false" level="WARNING" enabled_by_default="false" />
  <inspection_tool class="RouteSettingDeprecatedInspection" enabled="true" level="WARNING" enabled_by_default="true" />
  <inspection_tool class="SSBasedInspection" enabled="false" level="WARNING" enabled_by_default="false" />
  <inspection_tool class="SassScssResolvedByNameOnly" enabled="true" level="WEAK WARNING" enabled_by_default="true" />
  <inspection_tool class="SassScssUnresolvedMixin" enabled="true" level="WARNING" enabled_by_default="true" />
  <inspection_tool class="SassScssUnresolvedPlaceholderSelector" enabled="true" level="WARNING" enabled_by_default="true" />
  <inspection_tool class="SassScssUnresolvedVariable" enabled="true" level="WARNING" enabled_by_default="true" />
  <inspection_tool class="ShellCheck" enabled="true" level="ERROR" enabled_by_default="true" />
  <inspection_tool class="ShiftOutOfRangeJS" enabled="true" level="WARNING" enabled_by_default="true" />
  <inspection_tool class="SillyAssignmentJS" enabled="true" level="WARNING" enabled_by_default="true" />
  <inspection_tool class="SpellCheckingInspection" enabled="true" level="TYPO" enabled_by_default="true">
    <option name="processCode" value="true" />
    <option name="processLiterals" value="true" />
    <option name="processComments" value="true" />
  </inspection_tool>
  <inspection_tool class="SqlAddNotNullColumnInspection" enabled="false" level="WARNING" enabled_by_default="false" />
  <inspection_tool class="SqlAggregatesInspection" enabled="false" level="WARNING" enabled_by_default="false" />
  <inspection_tool class="SqlAmbiguousColumnInspection" enabled="false" level="WARNING" enabled_by_default="false" />
  <inspection_tool class="SqlAutoIncrementDuplicateInspection" enabled="false" level="WARNING" enabled_by_default="false" />
  <inspection_tool class="SqlCaseVsCoalesceInspection" enabled="false" level="WARNING" enabled_by_default="false" />
  <inspection_tool class="SqlCaseVsIfInspection" enabled="false" level="WARNING" enabled_by_default="false" />
  <inspection_tool class="SqlCheckUsingColumnsInspection" enabled="false" level="WARNING" enabled_by_default="false" />
  <inspection_tool class="SqlConstantConditionInspection" enabled="false" level="WARNING" enabled_by_default="false" />
  <inspection_tool class="SqlCurrentSchemaInspection" enabled="false" level="WARNING" enabled_by_default="false" />
  <inspection_tool class="SqlDeprecateTypeInspection" enabled="false" level="WARNING" enabled_by_default="false" />
  <inspection_tool class="SqlDerivedTableAliasInspection" enabled="false" level="WARNING" enabled_by_default="false" />
  <inspection_tool class="SqlDialectInspection" enabled="false" level="WARNING" enabled_by_default="false" />
  <inspection_tool class="SqlDropIndexedColumnInspection" enabled="false" level="WARNING" enabled_by_default="false" />
  <inspection_tool class="SqlDuplicateColumnInspection" enabled="false" level="WARNING" enabled_by_default="false" />
  <inspection_tool class="SqlErrorHandlingInspection" enabled="false" level="ERROR" enabled_by_default="false" />
  <inspection_tool class="SqlGotoInspection" enabled="false" level="WARNING" enabled_by_default="false" />
  <inspection_tool class="SqlIdentifierInspection" enabled="false" level="WARNING" enabled_by_default="false" />
  <inspection_tool class="SqlIdentifierLengthInspection" enabled="false" level="ERROR" enabled_by_default="false" />
  <inspection_tool class="SqlIllegalCursorStateInspection" enabled="false" level="WARNING" enabled_by_default="false" />
  <inspection_tool class="SqlInsertIntoGeneratedColumnInspection" enabled="false" level="WARNING" enabled_by_default="false" />
  <inspection_tool class="SqlInsertNullIntoNotNullInspection" enabled="false" level="WARNING" enabled_by_default="false" />
  <inspection_tool class="SqlInsertValuesInspection" enabled="false" level="WARNING" enabled_by_default="false" />
  <inspection_tool class="SqlJoinWithoutOnInspection" enabled="false" level="WARNING" enabled_by_default="false" />
  <inspection_tool class="SqlMisleadingReferenceInspection" enabled="false" level="WARNING" enabled_by_default="false" />
  <inspection_tool class="SqlMissingColumnAliasesInspection" enabled="false" level="WARNING" enabled_by_default="false" />
  <inspection_tool class="SqlMissingReturnInspection" enabled="false" level="ERROR" enabled_by_default="false" />
  <inspection_tool class="SqlMultipleLimitClausesInspection" enabled="false" level="WARNING" enabled_by_default="false" />
  <inspection_tool class="SqlNamedArgumentsInspection" enabled="false" level="WARNING" enabled_by_default="false" />
  <inspection_tool class="SqlNoDataSourceInspection" enabled="false" level="WARNING" enabled_by_default="false" />
  <inspection_tool class="SqlNullComparisonInspection" enabled="false" level="WARNING" enabled_by_default="false" />
  <inspection_tool class="SqlRedundantAliasInspection" enabled="false" level="WARNING" enabled_by_default="false" />
  <inspection_tool class="SqlRedundantCodeInCoalesceInspection" enabled="false" level="WARNING" enabled_by_default="false" />
  <inspection_tool class="SqlRedundantElseNullInspection" enabled="false" level="WARNING" enabled_by_default="false" />
  <inspection_tool class="SqlRedundantLimitInspection" enabled="false" level="WARNING" enabled_by_default="false" />
  <inspection_tool class="SqlRedundantOrderingDirectionInspection" enabled="false" level="WARNING" enabled_by_default="false" />
  <inspection_tool class="SqlResolveInspection" enabled="false" level="ERROR" enabled_by_default="false" />
  <inspection_tool class="SqlShouldBeInGroupByInspection" enabled="false" level="WARNING" enabled_by_default="false" />
  <inspection_tool class="SqlSideEffectsInspection" enabled="false" level="WARNING" enabled_by_default="false" />
  <inspection_tool class="SqlSignatureInspection" enabled="false" level="WARNING" enabled_by_default="false" />
  <inspection_tool class="SqlStorageInspection" enabled="false" level="WARNING" enabled_by_default="false" />
  <inspection_tool class="SqlStringLengthExceededInspection" enabled="false" level="WARNING" enabled_by_default="false" />
  <inspection_tool class="SqlTransactionStatementInTriggerInspection" enabled="false" level="WARNING" enabled_by_default="false" />
  <inspection_tool class="SqlTriggerTransitionInspection" enabled="false" level="WARNING" enabled_by_default="false" />
  <inspection_tool class="SqlTypeInspection" enabled="false" level="WARNING" enabled_by_default="false" />
  <inspection_tool class="SqlUnicodeStringLiteralInspection" enabled="false" level="WARNING" enabled_by_default="false" />
  <inspection_tool class="SqlUnreachableCodeInspection" enabled="false" level="WARNING" enabled_by_default="false" />
  <inspection_tool class="SqlUnusedCteInspection" enabled="false" level="WARNING" enabled_by_default="false" />
  <inspection_tool class="SqlUnusedSubqueryItemInspection" enabled="false" level="WARNING" enabled_by_default="false" />
  <inspection_tool class="SqlUnusedVariableInspection" enabled="false" level="WARNING" enabled_by_default="false" />
  <inspection_tool class="SqlWithoutWhereInspection" enabled="false" level="WARNING" enabled_by_default="false" />
  <inspection_tool class="StandardJS" enabled="false" level="ERROR" enabled_by_default="false" />
  <inspection_tool class="StatementsPerFunctionJS" enabled="false" level="WARNING" enabled_by_default="false">
    <option name="m_limit" value="30" />
  </inspection_tool>
  <inspection_tool class="StringLiteralBreaksHTMLJS" enabled="false" level="WARNING" enabled_by_default="false" />
  <inspection_tool class="Stylelint" enabled="false" level="ERROR" enabled_by_default="false" />
  <inspection_tool class="SuspiciousTypeOfGuard" enabled="true" level="WARNING" enabled_by_default="true" />
  <inspection_tool class="Symfony2XmlDuplicateParameterKeyInspection" enabled="true" level="WARNING" enabled_by_default="true" />
  <inspection_tool class="Symfony2XmlDuplicateServiceKeyInspection" enabled="true" level="WARNING" enabled_by_default="true" />
  <inspection_tool class="Symfony2YamlDuplicateParameterKeyInspection" enabled="true" level="WARNING" enabled_by_default="true" />
  <inspection_tool class="Symfony2YamlDuplicateServiceKeyInspection" enabled="true" level="WARNING" enabled_by_default="true" />
  <inspection_tool class="Symfony2YamlRouteDuplicateInspection" enabled="true" level="WARNING" enabled_by_default="true" />
  <inspection_tool class="SyntaxError" enabled="true" level="ERROR" enabled_by_default="true" />
  <inspection_tool class="TaggedExtendsInterfaceClass" enabled="true" level="WARNING" enabled_by_default="true" />
  <inspection_tool class="TailRecursionJS" enabled="false" level="WARNING" enabled_by_default="false" />
  <inspection_tool class="TaskProblemsInspection" enabled="true" level="WEAK WARNING" enabled_by_default="true" />
  <inspection_tool class="TextLabelInSwitchStatementJS" enabled="false" level="WARNING" enabled_by_default="false" />
  <inspection_tool class="ThisExpressionReferencesGlobalObjectJS" enabled="true" level="WARNING" enabled_by_default="true" />
  <inspection_tool class="ThreeNegationsPerFunctionJS" enabled="false" level="WARNING" enabled_by_default="false" />
  <inspection_tool class="ThrowFromFinallyBlockJS" enabled="true" level="WARNING" enabled_by_default="true" />
  <inspection_tool class="TodoComment" enabled="false" level="WARNING" enabled_by_default="false" />
  <inspection_tool class="TrivialConditionalJS" enabled="true" level="WARNING" enabled_by_default="true" />
  <inspection_tool class="TrivialIfJS" enabled="true" level="WARNING" enabled_by_default="true" />
  <inspection_tool class="TsLint" enabled="false" level="WARNING" enabled_by_default="false" />
  <inspection_tool class="TwigAssetMissingInspection" enabled="true" level="WARNING" enabled_by_default="true" />
  <inspection_tool class="TwigAssetsTagMissingInspection" enabled="true" level="WARNING" enabled_by_default="true" />
  <inspection_tool class="TwigRouteInspection" enabled="true" level="WARNING" enabled_by_default="true" />
  <inspection_tool class="TwigTemplateMissingInspection" enabled="true" level="WARNING" enabled_by_default="true" />
  <inspection_tool class="TwigTranslationDomain" enabled="true" level="WARNING" enabled_by_default="true" />
  <inspection_tool class="TwigTranslationKeyInspection" enabled="true" level="WARNING" enabled_by_default="true" />
  <inspection_tool class="TwigVariableDeprecatedInspection" enabled="true" level="WARNING" enabled_by_default="true" />
  <inspection_tool class="TwigVariablePathInspection" enabled="true" level="WARNING" enabled_by_default="true" />
  <inspection_tool class="TypeScriptAbstractClassConstructorCanBeMadeProtected" enabled="true" level="WEAK WARNING" enabled_by_default="true" />
  <inspection_tool class="TypeScriptAccessibilityCheck" enabled="true" level="WEAK WARNING" enabled_by_default="true" />
  <inspection_tool class="TypeScriptCheckImport" enabled="true" level="ERROR" enabled_by_default="true" />
  <inspection_tool class="TypeScriptConfig" enabled="true" level="WARNING" enabled_by_default="true" />
  <inspection_tool class="TypeScriptDuplicateUnionOrIntersectionType" enabled="true" level="WARNING" enabled_by_default="true" />
  <inspection_tool class="TypeScriptFieldCanBeMadeReadonly" enabled="true" level="WEAK WARNING" enabled_by_default="true" />
  <inspection_tool class="TypeScriptLibrary" enabled="true" level="ERROR" enabled_by_default="true" />
  <inspection_tool class="TypeScriptMissingAugmentationImport" enabled="true" level="INFORMATION" enabled_by_default="true" />
  <inspection_tool class="TypeScriptMissingConfigOption" enabled="true" level="WARNING" enabled_by_default="true" />
  <inspection_tool class="TypeScriptPreferShortImport" enabled="true" level="WARNING" enabled_by_default="true" />
  <inspection_tool class="TypeScriptRedundantGenericType" enabled="true" level="WEAK WARNING" enabled_by_default="true" />
  <inspection_tool class="TypeScriptSmartCast" enabled="true" level="WARNING" enabled_by_default="true" />
  <inspection_tool class="TypeScriptSuspiciousConstructorParameterAssignment" enabled="true" level="WARNING" enabled_by_default="true" />
  <inspection_tool class="TypeScriptUMDGlobal" enabled="true" level="WEAK WARNING" enabled_by_default="true" />
  <inspection_tool class="TypeScriptUnresolvedFunction" enabled="true" level="WEAK WARNING" enabled_by_default="true" />
  <inspection_tool class="TypeScriptUnresolvedVariable" enabled="true" level="WEAK WARNING" enabled_by_default="true" />
  <inspection_tool class="TypeScriptValidateGenericTypes" enabled="true" level="ERROR" enabled_by_default="true" />
  <inspection_tool class="TypeScriptValidateJSTypes" enabled="true" level="WEAK WARNING" enabled_by_default="true" />
  <inspection_tool class="TypeScriptValidateTypes" enabled="true" level="ERROR" enabled_by_default="true" />
  <inspection_tool class="TypescriptExplicitMemberType" enabled="true" level="INFORMATION" enabled_by_default="true" />
  <inspection_tool class="UnnecessaryContinueJS" enabled="true" level="WARNING" enabled_by_default="true" />
  <inspection_tool class="UnnecessaryLabelJS" enabled="true" level="WARNING" enabled_by_default="true" />
  <inspection_tool class="UnnecessaryLabelOnBreakStatementJS" enabled="true" level="WARNING" enabled_by_default="true" />
  <inspection_tool class="UnnecessaryLabelOnContinueStatementJS" enabled="true" level="WARNING" enabled_by_default="true" />
  <inspection_tool class="UnnecessaryLocalVariableJS" enabled="true" level="WARNING" enabled_by_default="true">
    <option name="m_ignoreImmediatelyReturnedVariables" value="false" />
    <option name="m_ignoreAnnotatedVariables" value="false" />
  </inspection_tool>
  <inspection_tool class="UnnecessaryReturnJS" enabled="true" level="WARNING" enabled_by_default="true" />
  <inspection_tool class="UnreachableCodeJS" enabled="true" level="WARNING" enabled_by_default="true" />
  <inspection_tool class="UnresolvedReference" enabled="true" level="ERROR" enabled_by_default="true" />
  <inspection_tool class="UnterminatedStatementJS" enabled="true" level="WARNING" enabled_by_default="true">
    <option name="ignoreSemicolonAtEndOfBlock" value="true" />
  </inspection_tool>
  <inspection_tool class="UnusedCatchParameterJS" enabled="false" level="WARNING" enabled_by_default="false">
    <option name="m_ignoreCatchBlocksWithComments" value="false" />
  </inspection_tool>
  <inspection_tool class="UnusedDefine" enabled="false" level="WARNING" enabled_by_default="false" />
  <inspection_tool class="VoidExpressionJS" enabled="false" level="WARNING" enabled_by_default="false" />
  <inspection_tool class="VueDataFunction" enabled="true" level="WARNING" enabled_by_default="true" />
  <inspection_tool class="VueDuplicateTag" enabled="true" level="WARNING" enabled_by_default="true" />
  <inspection_tool class="W3CssValidation" enabled="false" level="WARNING" enabled_by_default="false">
    <option name="myCssVersion" value="css3svg" />
    <option name="myIgnoreVendorSpecificProperties" value="false" />
  </inspection_tool>
  <inspection_tool class="WebpackConfigHighlighting" enabled="true" level="WARNING" enabled_by_default="true" />
  <inspection_tool class="WithStatementJS" enabled="true" level="WARNING" enabled_by_default="true" />
  <inspection_tool class="XHTMLIncompatabilitiesJS" enabled="false" level="WARNING" enabled_by_default="false" />
  <inspection_tool class="XmlDefaultAttributeValue" enabled="true" level="WARNING" enabled_by_default="true" />
  <inspection_tool class="XmlDeprecatedElement" enabled="true" level="WARNING" enabled_by_default="true" />
  <inspection_tool class="XmlDuplicatedId" enabled="true" level="ERROR" enabled_by_default="true" />
  <inspection_tool class="XmlHighlighting" enabled="true" level="ERROR" enabled_by_default="true" />
  <inspection_tool class="XmlInvalidId" enabled="true" level="ERROR" enabled_by_default="true" />
  <inspection_tool class="XmlPathReference" enabled="true" level="ERROR" enabled_by_default="true" />
  <inspection_tool class="XmlServiceArgumentInspection" enabled="true" level="WARNING" enabled_by_default="true" />
  <inspection_tool class="XmlServiceInstanceInspection" enabled="true" level="WARNING" enabled_by_default="true" />
  <inspection_tool class="XmlUnboundNsPrefix" enabled="true" level="WARNING" enabled_by_default="true" />
  <inspection_tool class="XmlUnusedNamespaceDeclaration" enabled="true" level="WARNING" enabled_by_default="true" />
  <inspection_tool class="XmlWrongRootElement" enabled="true" level="ERROR" enabled_by_default="true" />
  <inspection_tool class="XsltDeclarations" enabled="true" level="ERROR" enabled_by_default="true" />
  <inspection_tool class="XsltTemplateInvocation" enabled="true" level="ERROR" enabled_by_default="true" />
  <inspection_tool class="XsltUnusedDeclaration" enabled="true" level="WARNING" enabled_by_default="true" />
  <inspection_tool class="XsltVariableShadowing" enabled="true" level="WARNING" enabled_by_default="true" />
  <inspection_tool class="YAMLDuplicatedKeys" enabled="true" level="ERROR" enabled_by_default="true" />
  <inspection_tool class="YAMLRecursiveAlias" enabled="true" level="ERROR" enabled_by_default="true" />
  <inspection_tool class="YAMLSchemaDeprecation" enabled="true" level="WEAK WARNING" enabled_by_default="true" />
  <inspection_tool class="YAMLSchemaValidation" enabled="true" level="WARNING" enabled_by_default="true" />
  <inspection_tool class="YAMLUnresolvedAlias" enabled="true" level="ERROR" enabled_by_default="true" />
  <inspection_tool class="YAMLUnusedAnchor" enabled="true" level="WARNING" enabled_by_default="true" />
  <inspection_tool class="YamlClassInspection" enabled="true" level="WARNING" enabled_by_default="true" />
  <inspection_tool class="YamlControllerMethod" enabled="true" level="WARNING" enabled_by_default="true" />
  <inspection_tool class="YamlDeprecatedClasses" enabled="true" level="WARNING" enabled_by_default="true" />
  <inspection_tool class="YamlParameterInspection" enabled="true" level="WARNING" enabled_by_default="true" />
  <inspection_tool class="YamlQuotedEscapedInspection" enabled="true" level="WARNING" enabled_by_default="true" />
  <inspection_tool class="YamlServiceArgumentInspection" enabled="true" level="WARNING" enabled_by_default="true" />
  <inspection_tool class="YamlUnquotedColon" enabled="true" level="WARNING" enabled_by_default="true" />
  <inspection_tool class="YamlXmlServiceInstanceInspection" enabled="true" level="WARNING" enabled_by_default="true" />
</profile>