<profile version="1.0">
  <option name="myName" value="old-3" />
  <inspection_tool class="Add Shebang line" enabled="false" level="WEAK WARNING" enabled_by_default="false" />
  <inspection_tool class="Array use of a simple variable" enabled="false" level="WEAK WARNING" enabled_by_default="false" />
  <inspection_tool class="Change to a builtin, read-only shell variable" enabled="false" level="WARNING" enabled_by_default="false" />
  <inspection_tool class="Duplicate function" enabled="false" level="WARNING" enabled_by_default="false" />
  <inspection_tool class="Evaluate arithmetic expression" enabled="false" level="WARNING" enabled_by_default="false" />
  <inspection_tool class="Evaluate expansion" enabled="false" level="WARNING" enabled_by_default="false" />
  <inspection_tool class="Fix shebang" enabled="false" level="WARNING" enabled_by_default="false">
    <shebang>/bin/bash</shebang>
    <shebang>/bin/sh</shebang>
  </inspection_tool>
  <inspection_tool class="Function overrides internal command" enabled="false" level="WEAK WARNING" enabled_by_default="false" />
  <inspection_tool class="GitignoreUnusedEntry" enabled="false" level="GITIGNORE.UNUSED_ENTRY" enabled_by_default="false" />
  <inspection_tool class="Global definition of local var" enabled="false" level="WEAK WARNING" enabled_by_default="false" />
  <inspection_tool class="HtmlFormInputWithoutLabel" enabled="false" level="WARNING" enabled_by_default="false" />
  <inspection_tool class="Integer division with remainder found." enabled="false" level="INFO" enabled_by_default="false" />
  <inspection_tool class="Missing include file" enabled="false" level="WARNING" enabled_by_default="false" />
  <inspection_tool class="PhpDocMissingThrowsInspection" enabled="false" level="WEAK WARNING" enabled_by_default="false" />
  <inspection_tool class="PhpUndefinedClassInspection" enabled="true" level="WARNING" enabled_by_default="true">
    <option name="DONT_INSPECT_DOCS" value="true" />
  </inspection_tool>
  <inspection_tool class="PhpUndefinedFieldInspection" enabled="true" level="WARNING" enabled_by_default="true">
    <option name="NOTIFY_ACCESS_VIA_MAGIC_METHOD" value="false" />
    <option name="NOTIFY_DYNAMIC_DECLARATION" value="false" />
  </inspection_tool>
  <inspection_tool class="PhpUndefinedVariableInspection" enabled="true" level="WARNING" enabled_by_default="true">
    <option name="IGNORE_INCLUDE" value="false" />
  </inspection_tool>
  <inspection_tool class="PhpUnusedLocalVariableInspection" enabled="true" level="WEAK WARNING" enabled_by_default="true" />
  <inspection_tool class="PhpUnusedParameterInspection" enabled="true" level="WEAK WARNING" enabled_by_default="true" />
  <inspection_tool class="PhpUnusedPrivateFieldInspection" enabled="true" level="WEAK WARNING" enabled_by_default="true" />
  <inspection_tool class="PhpUnusedPrivateMethodInspection" enabled="true" level="WEAK WARNING" enabled_by_default="true" />
  <inspection_tool class="Readonly variable" enabled="false" level="ERROR" enabled_by_default="false" />
  <inspection_tool class="Recursive file inclusion" enabled="false" level="WARNING" enabled_by_default="false" />
  <inspection_tool class="Simple use of array variable" enabled="false" level="WEAK WARNING" enabled_by_default="false" />
  <inspection_tool class="Simple variable usage" enabled="false" level="WEAK WARNING" enabled_by_default="false" />
  <inspection_tool class="SimpleVarUsage" enabled="false" level="WEAK WARNING" enabled_by_default="false" />
  <inspection_tool class="SpellCheckingInspection" enabled="false" level="TYPO" enabled_by_default="false">
    <option name="processCode" value="true" />
    <option name="processLiterals" value="true" />
    <option name="processComments" value="true" />
  </inspection_tool>
  <inspection_tool class="SqlNoDataSourceInspection" enabled="false" level="WARNING" enabled_by_default="false" />
  <inspection_tool class="SqlResolveInspection" enabled="false" level="WARNING" enabled_by_default="false" />
  <inspection_tool class="Unknown filedescriptor" enabled="false" level="WARNING" enabled_by_default="false" />
  <inspection_tool class="Unregister global variable" enabled="false" level="ERROR" enabled_by_default="false" />
  <inspection_tool class="Unresolved variable" enabled="false" level="WARNING" enabled_by_default="false" />
  <inspection_tool class="Unused function definition" enabled="false" level="WEAK WARNING" enabled_by_default="false" />
  <inspection_tool class="Unused parameter" enabled="false" level="WARNING" enabled_by_default="false" />
  <inspection_tool class="Wrap function body" enabled="false" level="WEAK WARNING" enabled_by_default="false" />
</profile>