<application>
  <component name="libraryTable">
    <library name="aws-sdk-2.2.26" type="javaScript">
      <properties>
        <sourceFilesUrls>
          <item url="file://$APPLICATION_CONFIG_DIR$/javascript/extLibs/http_sdk.amazonaws.com_js_aws-sdk-2.2.26.js" />
        </sourceFilesUrls>
      </properties>
      <CLASSES>
        <root url="file://$APPLICATION_CONFIG_DIR$/javascript/extLibs/http_sdk.amazonaws.com_js_aws-sdk-2.2.26.js" />
      </CLASSES>
      <SOURCES />
    </library>
    <library name="jquery-1.10.2" type="javaScript">
      <properties>
        <option name="frameworkName" value="jQuery" />
      </properties>
      <CLASSES>
        <root url="file://$USER_HOME$/Library/Caches/WebIde70/extLibs/http_code.jquery.com_jquery-1.10.2.js" />
      </CLASSES>
      <DOCUMENTATION>
        <root url="http://api.jquery.com" />
      </DOCUMENTATION>
      <SOURCES />
    </library>
    <library name="jquery-1.11.0" type="javaScript">
      <properties>
        <option name="frameworkName" value="jQuery" />
        <option name="frameworkVersion" value="1.0." />
      </properties>
      <CLASSES>
        <root url="file://$USER_HOME$/Library/Caches/WebIde70/extLibs/http_code.jquery.com_jquery-1.11.0.js" />
      </CLASSES>
      <DOCUMENTATION>
        <root url="http://api.jquery.com" />
      </DOCUMENTATION>
      <SOURCES />
    </library>
    <library name="jquery-1.11.3" type="javaScript">
      <properties>
        <option name="frameworkName" value="jQuery" />
        <option name="frameworkVersion" value="1.3." />
        <sourceFilesUrls>
          <item url="file://$APPLICATION_CONFIG_DIR$/javascript/extLibs/http_localhost_jquery-1.11.3.min.js" />
        </sourceFilesUrls>
      </properties>
      <CLASSES>
        <root url="file://$APPLICATION_CONFIG_DIR$/javascript/extLibs/http_localhost_jquery-1.11.3.min.js" />
      </CLASSES>
      <DOCUMENTATION>
        <root url="http://api.jquery.com" />
      </DOCUMENTATION>
      <SOURCES />
    </library>
  </component>
</application>