<application>
  <component name="CodeInsightSettings">
    <option name="COMPLETION_CASE_SENSITIVE" value="2" />
    <option name="REFORMAT_ON_PASTE" value="4" />
  </component>
  <component name="DaemonCodeAnalyzerSettings">
    <option name="NEXT_ERROR_ACTION_GOES_TO_ERRORS_FIRST" value="false" />
    <option name="SHOW_METHOD_SEPARATORS" value="true" />
  </component>
  <component name="EditorSettings">
    <option name="USE_SOFT_WRAPS" value="CONSOLE" />
    <option name="IS_ENSURE_NEWLINE_AT_EOF" value="true" />
    <option name="REFRAIN_FROM_SCROLLING" value="true" />
  </component>
  <component name="InspectionProfileManager">
    <info color="be9117">
      <option name="BACKGROUND" value="52503a" />
      <option name="ERROR_STRIPE_COLOR" value="be9117" />
      <option name="EFFECT_TYPE" value="2" />
      <option name="myName" value="GITIGNORE.UNUSED_ENTRY" />
      <option name="myVal" value="50" />
      <option name="myExternalName" value="GITIGNORE.UNUSED_ENTRY" />
    </info>
  </component>
</application>