<application>
  <component name="FileTypeManager" version="17">
    <ignoreFiles list="*.hprof;*.pyc;*.pyo;*.rbc;*~;.DS_Store;.git;.hg;.svn;CVS;RCS;SCCS;__pycache__;_svn;rcs;" />
    <extensionMap>
      <mapping pattern="rule" type="PLAIN_TEXT" />
      <mapping pattern="empty" type="PLAIN_TEXT" />
      <mapping pattern=".gitattributes" type="PLAIN_TEXT" />
      <mapping pattern="baddata" type="PLAIN_TEXT" />
      <mapping pattern="node_root" type="PLAIN_TEXT" />
      <mapping pattern="health" type="PLAIN_TEXT" />
    </extensionMap>
  </component>
</application>