<application>
  <component name="MarkdownApplicationSettings">
    <MarkdownCssSettings StylesheetUri="file:$USER_HOME$/Library/Application%20Support/PhpStorm2016.1/markdown/lib/darcula.css" />
    <MarkdownPreviewSettings>
      <HtmlPanelProviderInfo>
        <ProviderInfo name="JavaFX WebView" className="org.intellij.plugins.markdown.ui.preview.javafx.JavaFxHtmlPanelProvider" />
      </HtmlPanelProviderInfo>
    </MarkdownPreviewSettings>
  </component>
  <component name="MarkdownSettings" parsingTimeout="10000" smarts="false" quotes="false" abbreviations="false" hardWraps="false" autoLinks="false" wikiLinks="false" tables="false" definitions="false" fencedCodeBlocks="false" suppressHTMLBlocks="false" suppressInlineHTML="false" strikethrough="false" />
</application>