<application>
  <component name="PhpAutoImport" auto_import_file_scope="true" />
  <component name="PhpInterpreters">
    <interpreters>
      <interpreter id="77ea7184-9fee-45b5-be91-c0a8189cb80d" name="PHP 7.1.13 local" home="/usr/local/bin/php" debugger_id="php.debugger.XDebug" />
    </interpreters>
  </component>
  <component name="PhpInterpretersPhpInfoCache">
    <phpInfoCache>
      <interpreter name="PHP 7.1.13 local">
        <phpinfo binary_type="PHP" php_cgi="/usr/local/Cellar/php71/7.1.13_24/bin/php-cgi" php_cli="/usr/local/Cellar/php71/7.1.13_24/bin/php" path_separator=":" version="7.1.13">
          <additional_php_ini>/usr/local/etc/php/7.1/conf.d/ext-apcu.ini, /usr/local/etc/php/7.1/conf.d/ext-igbinary.ini, /usr/local/etc/php/7.1/conf.d/ext-intl.ini, /usr/local/etc/php/7.1/conf.d/ext-memcached.ini, /usr/local/etc/php/7.1/conf.d/ext-xdebug.ini</additional_php_ini>
          <configuration_file>/usr/local/etc/php/7.1/php.ini</configuration_file>
          <configuration_options>
            <configuration_option name="include_path" value=".:" />
          </configuration_options>
          <debuggers>
            <debugger_info debugger="xdebug" debugger_version="2.5.5">
              <debug_extensions />
            </debugger_info>
          </debuggers>
          <loaded_extensions>
            <extension name="Core" />
            <extension name="PDO" />
            <extension name="PDO_ODBC" />
            <extension name="Phar" />
            <extension name="Reflection" />
            <extension name="SPL" />
            <extension name="SimpleXML" />
            <extension name="apcu" />
            <extension name="bcmath" />
            <extension name="bz2" />
            <extension name="calendar" />
            <extension name="ctype" />
            <extension name="curl" />
            <extension name="date" />
            <extension name="dba" />
            <extension name="dom" />
            <extension name="exif" />
            <extension name="fileinfo" />
            <extension name="filter" />
            <extension name="ftp" />
            <extension name="gd" />
            <extension name="gettext" />
            <extension name="hash" />
            <extension name="iconv" />
            <extension name="igbinary" />
            <extension name="intl" />
            <extension name="json" />
            <extension name="ldap" />
            <extension name="libxml" />
            <extension name="mbstring" />
            <extension name="memcached" />
            <extension name="mysqli" />
            <extension name="mysqlnd" />
            <extension name="odbc" />
            <extension name="openssl" />
            <extension name="pcntl" />
            <extension name="pcre" />
            <extension name="pdo_mysql" />
            <extension name="pdo_sqlite" />
            <extension name="posix" />
            <extension name="readline" />
            <extension name="session" />
            <extension name="shmop" />
            <extension name="soap" />
            <extension name="sockets" />
            <extension name="sqlite3" />
            <extension name="standard" />
            <extension name="sysvmsg" />
            <extension name="sysvsem" />
            <extension name="sysvshm" />
            <extension name="tokenizer" />
            <extension name="wddx" />
            <extension name="xdebug" />
            <extension name="xml" />
            <extension name="xmlreader" />
            <extension name="xmlrpc" />
            <extension name="xmlwriter" />
            <extension name="xsl" />
            <extension name="zip" />
            <extension name="zlib" />
          </loaded_extensions>
        </phpinfo>
      </interpreter>
    </phpInfoCache>
  </component>
</application>